MagpieRobinCoV_HKU18_chu3,375,TCGAACCATACTTATGTTACAATTAATACCTCATACACGGTTGGATCATGCGTGAACTGCCCGCCTATATCTTCCACTATTGACATTATGCATGCTAGGAACGATACCCTATGTGTTAATAGCAGACAGTTTACTGTAAGACTTAATACACATCACCATGCTCAGTATCCACAATATTTTAGTACTGCATTTGTCGCCGGCACCTGTCCATTCACATTACCCAATATCAATAACTATTTGACATTCGGTTCTGTCTGTTTCAGTACAGTAAATAACGGAGGTTGTACGATTCACGTTCAAAAGGTCTGGAATCATCAATACCACACTTTTGGGACCATATACGTGGCGTACCAAGATGGTAATTATATCACTGCA
PDCoV_JS2018_F101,342,CCAGAATTGGAAGTAATACAGCTTAATATTTCGGCTCACATGGACTTTGGAGAAGCCCGTTTAGATTCTGTCACAATAAATGGGAATACTTCCTATTGTGTTACAAAACCTTACTTCAGGCTAGAGACCAATTTCATGTGCACCGGTTGTACGATGAACTTGAGAACAGATACGTGTTCATTTGATTTGTCTGCAGTGAATAACGGAATGAGCTTTAGTCAATTTTGTTTATCAACCGAATCCGGCGCTTGCGAGATGAAGATTATCGTTACATACGTCTGGAACTATCTATTAAGACAAAGACTGTATGTAACTGCGGTTGAAGGTCAAACTCATACTGGT
PDCoV_110_1197_TW_2021,342,CCTGAATTAGAAGTTGTACAATTGAACATTTCAGCCCACATGGATTTTGGCGAAGCTAGATTAGATTCAATAACCATCAATGGAAATACATCTTACTGTGTCTCCAAACCATATTTTCGTTTGGAGACGAATTTCATGTGTACTGGTTGTACTATGAATCTTAGAACTGATACTTGCTCTTTTGACCTGTCGGCGGTTAACAACGGGATGAGCTTCAGTCAATTTTGTTTATCTACCGAATCCGGAGCTTGCGAAATGAAGATAATTGTCACCTATGTTTGGAATTACCTACTAAGACAAAGGTTGTATGTAACAGCAGTGGAGGGTCAGACGCATACAGGT
PDCoV_VUT_1_2016_Vietnam,342,CCTGAACTAGAAGTAGTCCAACTAAACATCAGCGCTCACATGGACTTCGGGGAGGCTAGGTTAGATTCAGTCACTATTAATGGAAATACATCGTACTGGGTAACAAAGCCATATTTTAGACTTGAAACCAACTTCCTTTGCCGTGGTTGTACAATGAATCTGAGAACTGATACCTGCTCTTTTGATTTATCCGCAGTGAATAACGGTATGTCTTTTAGTCAGTTTTGTTTGTCAACCGAATCCGGCGCCTGTGAGATGAAAATAATTGTGACGTACGTTTGGAATTATTTGTTGAGACAAAGGTTATATGTTACTGCGGTTGAAGGTCAAACTCATACGGGA
ThrushCoV_HKU12_600,429,ACGTACACCGAGACTATTTCGATTTTACCTAACATATCTAATCCTGCCTACCCCGATGGTTCCACTAATGGTCCAGCTTTAGGCTGGTGGGTAGGAACAATGAACGTTCTATTTAACAACAGTCAAACTCTGTGCGTCAATAGCTCATTCTTCATGGTTAATATCACGTTTAAATGTTGGCTAAAGCCTCATCCAACAAAACCATCTGATGAATACAAGTGTATAGGTGGCTTGCCAACAGCTCAAGTTAAATTGCCCGACTGGCCATTTGCACCTTATTATTCTTTTAGTCAATTATGTCTTTCATCAACATATCAGGTGGGTTATAGCACCTTCTATTTTCAATACTGGAATCAAGGGACTAATAAAAGATGGGAATCCAAGCCGTTGTTCTACTATACTTATCAGACCGGAACACAATATACTTAC
AncHerdeco3,375,TCTAATCATACCTATGTTACAATAAGAACATCCTACACCGTTGGTTCATGTGTAAACTGTCCGCCTATATCTTCCACGATCGACATAGATGATGCTGTTAATGATACTCTATGCGTTAATTCTAGACAATTTACTGTGAGGTTGAACACAACTCAACACGCTACCTATCCACAGTATTTTAGTACTGCGTTCGTCGCAGGTACATGCCCATTCACTTTACCCAACATCAACAATTACCTTACATTTGGGTCGATTTGTTTCTCAACGGTCAATAACGGAGGATGTACAATTCATGTTCAAAAGGTCTGGAATCATCAAGTGCACACGTTTGGCACCATTTACGTAAGCTATCAGGAAGGTAATCATATTACTGCC
AncBulDCoV5_alt,342,CCAGAACTAGAGGTTGTACAATTGAATATTTCTGCCCACATGGATTTCGGGGAAGCTAGATTGGATTCCATAACCATAAATGGAAACACCAGCTACTGTGTTACAAAACCTTATTTTAAGTTGGAAATGAACTTCATGTGTACAGGCTGCACGATCAACCTTAGAACTGACACGTGTTCGTTTGATTTATCCGCTGTGAATAATGGTATGTCATTTAGTCAATTTTGCCTGTCTACAGAGTCAGGTGCATGTGAAATCAAAATTATTGCGACTTATGTCTGGAATTACTTAATGAGGCAACGTTTATATGTTACTGCAGTAGAAGGACAGACCCATACTGGT
AncHerdeco3_alt,375,TCTAATCATACATACGTTACCATCAGGACATCATATACAGTCGGTTCTTGCGTTAATTGTCCGCCCATCTCGTCAACTATTGATATAGATCACGCGATTAATGACACTCTTTGTGTGAATAGCAGACAATTTACGGTGAAATTAAATACAACGCATCATGCTACGTATCCTCAGTATTTTAGTACTGCATTCGTAGCTGGTACTTGTCCATTCACCCTACCAAACATTAACAATTACTTGACCTTTGGCTCTATTTGTTTCAGTACCGTCAATAACGGTGGATGCACAATTCATGTTCAAAAGGTATGGAACCATTATTACCACACTTTTGGGACAATATACGTTTCCTATCAAGATGGAAACCACATAACTGCC
GullCoV_HNU4_1,375,GCCAACCATTCATATTTGGTTCTAAATACATCCTACACTGTTGGTAGCTGCGTTAACTGTCCACCCATCCAGCACTCGATTCATATAGAAGGTGCTGTGAATGATACTTACTGTGTGAATTCAAAACAATTCACCCTGAAGATAAACTCCCACGTAGACGCGACATATTCACAGTATTTTAAAACGGTCTTCACCGCTGGGACCTGTCCTTTTACTTTTCCAAACGTTAATAATTTCCTTTCTTTTGAGAGTTTCTGCATCAGTACAGTAAACACTGGCGGTTGTACTATTCATGTACAAAAGGTTTGGAATTCTGTCGTGCACACATTTGCAACGTTATACGTCAGCTATCAAGAAGGAAATTCTATTCATGCA
PDCoV_AH2018_432,342,CCTGAATTGGAAATCGTTCAATTAAATATATCAGCTCACATGGATTTTGGGGAAGCACGTCTAGACAGCGTCACAATTAACGGAAATACGTCCTATTGCGTCACGAAGCCATACTTTAGATTAGAGACTAATTTTATGTGCACAGGCTGTACTATGAATTTAAGAACCGATACCTGTTCGTTCGATCTGTCAGCTGTAAACAACGGTATGTCCTTCAGTCAATTTTGTTTGTCTACAGAATCTGGAGCGTGTGAAATGAAAATTATAGTGACCTACGTATGGAATTATCTATTGAGACAGAGGCTTTATGTTACAGCCGTTGAGGGTCAAACTCATACTGGT
PDCoV_HN2019_C115,342,CCTGAACTTGAAGTAGTTCAACTAAATATTTCTGCACACATGAATTTCGGGGAAGCTCGTCTAGACTCCGTTACAATAAACGGAAATACAAGCTACTGTGTGACTAAGCCATATTTTAGACTGGAAACCAACTTTATGTGTACTGGATGCACAATGAATTTGAGAACAGATACGTGTTCGTTTGATTTATCTGCCGTGAACAATGGCATGTCCTTCAGTCAATTTTGCTTATCAACCGAATCAGGTGCGTGTGAGATGAAAATTATCGTAACCTACGTTTGGAACTATTTGTTGAGGCAGAGATTATATGTCACTGCTGTCGAGGGTCAAACGCATACTGGT
PDCoV_HeN_2015,342,CCAGAGTTAGAGGTGGTACAATTGAATATTTCAGCTCACATGGATTTCGGGGAAGCGCGTTTGGATAGCGTGACAATTAATGGAAATACTTCGTATTGTGTCACGAAGCCTTATTTTAGATTAGAAACTAATTTTATGTGTACTGGATGTACAATGAACCTAAGAACGGATACCTGCTCCTTTGACCTGTCTGCAGTTAACAACGGTATGTCATTTAGTCAATTCTGCTTATCCACTGAATCTGGTGCTTGCGAAATGAAAATAATCGTCACCTACGTTTGGAAATATCTTCTAAGGCAGTGTTTGTACGTTACCGCCGTAGAAGGCCAAACACATACAGGT
AncAndecoHerdeco,405,TCTAATCACTCAGATGTGAATATCACCGTCTCATATCATAATTCATTTGTCGGAAACTGTTACAATTGTGCCCCGATTTCCGTTAACATTACTATTAACGACGCAGTGAATGATACCTTGTGCGTAACAACTTCTCAATTCACTGTAAAATTAAACACTACATGTACGGTTGAAAATAATACCTCTATTCTACCAAACCCTACTACGTTTACAACTAGAATAAGCGCTGGGACATGTCCATTCAGTCTGCCCAATATCAACAATTATTTGAAATTTGGTTCCATTTGCTTTTCGACCATCAATAACGGCGGATGCACTATGCTTATACAGAAGGTTTGGAATAATAACGCTGTTACAATGGGCACGTTATACGTCAGTTATCAAGAGGGTGATAGGATAACAGGT
AncHerdeco4,375,TCAAATCATACTTATGTAACAATTAGAACTTCCTATACGGTCGGATCTTGCGTGAATGGTCCGCCAATCTCTTCGACTATTGATATCGACGATGCTATAAACGATACTTTGTGTGTTAATAGCAGGCAATTTACGGTAAGACTAAACACTACACAACACGCAACCTACCCTCAATACTTTAGTACAGCGTTTGTCGCTGGTACTTGTCCATTCACCTTACCTAACATTAACAATTACCTTACGTTCGGTTCAATTTGCTTTAGTACCGTTAATAATGGCGGATGTACAATACATGTTCAGAAAGTCTGGAACCATTACGTGCATACATTCGGTACAATTTATGTTTCTTATCAGCCCGGGAATCACATAACCGCC
AncAndecoHerdeco_alt,381,TCAAATCATACTACCATCACATTGAGAACCTCCTACCACAACACTTTCTATAATTGTAGCCCTATATCTGTTTCCATCACTATTGACGGAGCCTTCAATGATACTTTGTGCGTCACAACCAGTCAATTTACAGTTAAACTAAACGTAACCTGTACAGTTGAAAACTTACCGAACCCAACAACTTATACAGCATCTTTATCTGCTGGAACGTGTCCATTTAGCTTTCCCAACGTCAACAATTACTTGAAATTTGATTCAATATGTTTCTCGACCGTGAATAATGGCGGTTGCACTATTCTTGTACAAAAGGTTTGGGCTAATCAGAGTATTACGCTGGGGACGTTATACGTGTCATATTCTGAGGGTAATAGGATTACTGGT
AncHerdeco4_alt,375,GCGAATCATACTTACGTTACCGTTCGTACTTCGTATACTGTGGGTTCTTGTATTAATTGCCCACCATCATGGTCAACAGTAGAGTTGGACCACGCTGTAAACGATACGTTATGTGTCAATAGCAGGCAGTTTACAGTCCATCTTAATACGACCGTCCATGCAACTGCTGCTCATCTATTCGGGACTGAATTTGTTGCCGGTACATGCCCCTTTACATTACCTAACATAAACAACTACTTGACGTTCGGCTCTATATGTTTCAGTACTGTTAATAACGGAGGATGTACAATTCACGTACAAAAGGTTTGGAGACACTATAGATATACATTTGGTACCATCTATGTGTCCTACCAACCGGGTAATCAAATTACCGCA
GullCoV_HNU4_3,375,GCAAACCATTCCTATCTTGTCTTAAACACTTCATACACCGTTGGCTCTTGTGTCAACTGTCCTCCCATTCAGCATAGCATTCACATCGAGGGTGCGGTCAATGACACGTATTGCGTAAACTCGAAACAATTTACACTGAAGATCAATAGTCACGTTGATGCTACATACAGTCAGTATTTCAAAACAGTGTTCACTGCTGGTACTTGTCCATTCACTTTTCCAAACGTGAATAATTTTCTATCATTTGAAAGCTTCTGCATATCTACCGTAAATATAGGAGGTTGTACGATTCATGTTCAAAAGGTTTGGAATTCTGTAGTTCATACATTTGCCACCTTGTACGTGTCATATCAAGAAGGGAATTCCATTCACGCA
PDCoV_P29_15_VN_1215,342,CCTGAATTGGAGGTTGTGCAGTTAAATATATCGGCTCACATGGATTTTGGAGAAGCACGTCTGGACTCTGTTACAATTAACGGAAATACTAGCTATTGCGTCACAAAACCATATTTTAGATTGGAAACGAATTTTCTTTGCACAGGTTGTACCATGAATCTTAGAACTGATACGTGTTCATTCGATTTGTCTGCCGTAAATAACGGTATGTCCTTCAGTCAATTTTGTTTATCCACCGAATCAGGCGCGTGTGAAATGAAGATCATTGTGACCTACGTATGGAACTATTTACTAAGGCAAAGACTATACGTCACAGCTGTTGAGGGTCAAACTCATACTGGG
PDCoV_HKU15_SD2018_300,342,CCAGAATTGGAAGTGGTTCAATTAAACATTTCTGCTCACATGGATTTTGGCGAGGCAAGATTGGACAGTGTCACAATTAATGGTAATACTTCATATTGTGTTACAAAACCTTACTTCAGATTAGAAACCAACTTTATGTGTACGGGATGCACAATCAATTTGAGAACTGATACCTGTAGCTTCGATTTATCAGCCGTTAACAATGGTATGTCCTTTTCGCAATTTTGCCTTTCCACCGAATCTGGAGCTTGTGAGATGAAAATAGTGGTCACGTATGTATGGAAGTATCTACTAAGGCAACGTCTGTACGTAACAGCGGTCGAAGGTCAGACTCATACTGGG
PDCoV_SD2018_311,342,CCTGAGTTGGAAGTTGTCCAATTAAATATCAGCGCGCACATGGATTTCGGTGAGGCTAGGTTAGATTCAGTGACAATAAATGGAAACACGTCTTATTGCGTTACAAAGCCCTATTTTCGTCTAGAAACCAACTTTATGTGTACTGGGTGTACCATGAACCTAAGAACTGACACATGTTCATTCGATTTGTCGGCAGTAAATAATGGCATGTCCTTTAGTCAATTTTGTTTATCTACTGAATCCGGAGCTTGCGAAATGAAAATTCCAGTTACCTATGTGTGGAATTACCTTCTGAGACAGAGATTGTACGTAACTGCCGTCGAAGGTCAAACACATACGGGT
AncBulDCoV6,342,CCAGAAATGGAAGTTGTCCAAATTAATATCTCAGCGCACATGGAGTTCGGGCAAACAAAACTGGACCATATTTCAATAAACGGTAACACCACGTACTGTGTAACCAAGCCTTATTTTAAGTTAGAGATGAACTTCTACTGTTCGGGCTGTACTATATCCTTGAGGACGGATACTTGCAATTTTGATCTATCCGCCGTTAATAATGGAATGTCTTTTAGTCAGTTTTGCATTAGCACTGAATCTGGTGCATGTGAAATTAAACTTATCGCTACCTATGTGTGGAATCATTTAATGAGACAGAGATTGTATGTCACTGCTGTTGAAGGACAAACACATACAGGT
AncHerdeco5,375,TCTAACCATTCCTATGTCACAATTAGGACTTCATATACTGTTGGTAGTTGCGTAAATTGCCCACCAATTTCGTACACAATCCATATAGATGATGCTGTTAATGACACTTACTGTGTCAACTCAAAGCAGTTTACCGTTAAATTAAATACTACCCAACACGCCACATACCCTCAGTATTTTAAAACAAGATTTGTGGCTGGCACTTGTCCCTTCACCTTCCCGAATATTAACAACTACCTAACGTTCGGATCTATATGTATTTCCACGGTCAATAATGGAGGGTGTACAATACATGTTCAAAAGGTGTGGAATAACACGGTTCACACTTTTGGTACCTTGTATGTAAGCTATCAAGAAGGTAATAACATCCATGCA
AncBulDCoV6_alt,342,CCAGAGTTGGAAGTTGTACAAATTAATATTTCGGCCCACATGGAATTCGGTCAGACCAAGCTTGACTACATCTCAATAAACGGAAATACGACATATTGCGTGACAAAACCTTACTTTAAACTAGAAATGAATTTCGAATGCAGCGGTTGTACTATCTCTTTAAGAACGGATACATGTAACTTTGATTTAACCGCTGTTAATAACGGTATGTCCTTTAGTCAATTTTGTATTTCAACAGAATCTGGAGCTTGTGAAATTAAGTTGATAGCAACCTATGTCTGGAATCATCTGATGAGGCAAAGATTGTATGTTACTGCGGTCGAGGGGCAGACTCATACTGGC
AncHerdeco5_alt,375,TCTAATCATAGTTATGTTACTATTCGTACGTCCTACACTGTTGGGTCCTGTGTGAATTGTCCGCCTATTTCGCACTCAATTCATATCGATGACGCTGTGAATGATACTTACTGTGTCAACAGCAGACAGTTTACAGTTAGGTTAAATACAACTCAACACGCTACCTATCCCCAATATTTCAAAACCAGATTTACTGCCGGTACGTGTCCATTCACATTTCCAAATATCAATAACTACCTAACCTTCGGCTCTATATGCATATCAACTGTAAACAACGGTGGATGCACCATACATGTACAAAAGGTTTGGAACAATCAGGTACACACATTTGGTACATTGTACGTCTCTTATCAAGAAGGAAATCATATTCATGCA
HoubaraCoV_UAE_HKU28_285F,375,GCAAATCATTCAGATCTAGTTTTAAATACATCATATACGGTCGGTTCTTGCGTTAATTGTCCTCCCATTCAACATTCCATCTATATTGAAGGTGCGGTGAACGATACCTATTGTGTGAACTCAAAACAATTCACTTTGAAGATAAATAGTCACGTAGACGCTAAATACTCTCAGTACTTTAAAACAGTCTTCACGGCTGGTACCTGCCCATTTACTTTTCCAAATGTCAATAACTTTCTTAGCTTCGAGTCTTTCTGTATCAGTACTGTAAATAACGGAGGATGTACAATTCATGTTCAAAAGGTTTGGAACTCCGTGGTACACACTTTTGCCACCCTGTATGTTAGCTACCAGGAAGGCAATTCGATACATGCA
PDCoV_CHJXNI2_2015,342,CCTGAATTGGAGGTAGTACAACTGAATATATCGGCTCACATGGATTTTGGTGAAGCCAGGCTAGACTCAGTGACTATCAATGGAAATACTTCATATTGTGTTACTAAACCATACTTTAGATTGGAAACAAACTTTATGTGTACCGGATGTACCATGAACTTGCGTACAGATACGTGCTCCTTCGATTTATCCGCACTAAATAATGGTATGAGCTTTAGTCAATTCTGCCTTTCTACCGAGTCTGGCGCTTGTGAAATGAAGATTATTGTCACTTACGTTTGGAACTATTTATTAAGACAGAGACTTTATGTTACAGCGGTCGAAGGGCAAACGCATACAGGT
PDCoV_SD2018_10,342,CCTGAGCTAGAAGTTGTTCAGTTAAACATTTCAGCACACATGGACTTTGGAGAAGCGAGACTAGATTCAGTCACAATCAATGGGAATACTTCGTATTGCGTGACCAAACCATATTTTAGATTAGAGACGAATTTCATGTGTACGGGTTGTACAATGAACTTGCGTACTGATACTTGTAGCTTCGATTTGTCTGCCGTCAACAATGGTATGTCCTTTAGTCAATTTTGCCTTTCTACCGAATCCGGAGCTTGTGAAATGAAGATTATAGTTACATACGTATGGAAATACTTGCTGAGACAAAGGTTATATGTAACTGCTGTCGAAGGTCAAACACATACCGGC
SparrowCoV_ISU42824,342,CCAGAAATGGAAGTTGTGCAGATTAATATCACTGCTCACATGGAATTTGGGCAGACCAAGTTAGACCATATATCGATCAACGGCAATACTACCTACTGCGTCGCAAAGCCTTATTTCAAACTGGAGATGAACTTCTATTGTGCTTCATGCACGATAAGCCTTAGGACTGATACTTGTAACTTTGATCTATTCGCCGTAAATAATGGTATGTCTTTTAGTCAATTTTGTATTTCCACAGAGTCTGGTGCGTGTGAAATTAAATTGATTGCAACGTATGTTTGGAATCATTTGATGAGACAAAGATTATACGTCACAGCTGTTGAAGGACAAACCCATACAGGT
AncBulDCoV7,342,GCAGAACTAGAAGTGGTTCAAATTAACATCTCTGCTCACTACAATTTTGGCGAGGCTAGAGTTACATCTATAACAATTAATGGTAACGACACCTACTGCGTAACAAAGCCATACTTTCATATTGAGACTAATTTCGTCTGCAGCGGATGTACGCTGAATTTGAGGACCGATACTTGTTCATTCGATCTTAACGCAATTAACAATGGAATGTCGTTTAGTCAGTTTTGTATATCTACCAAATCAGGGTCCTGTTCCATGAAAATAGTTGCCACGTATGTCTGGAATTATCAAATCGCTCAAAAGTTATATGTGACAGCGGTAGAAGGTCAGACTCATACTGGT
AncDCoV_alt,399,TCAAATCATACTACTATCACGTTGACAGTCTCCTATCACAATAGCTTTGGGTTTAACTGTTCACCGCAATCCGTCAATATTACACTGGATGGATCTTTTAACGACACATTGTGTGTGACAACCTCTCATTTCACGATTAAGTTGAACTTTACTTGTGCTGGTGAGGGGAATACTAGTATTTTACCTGGTCCATCTTCATTCTCTGCTAGAATAAGCTCGGGCACTTGCCCCTTCTCGCTACCTAAAGTAAACAACTACTTAAAATTTGGATCTATTTGCTTCAGTACCGTAAACAATGGTGGAGGTTGTAGTATCCCAGTTCAGGCAGTTTGGAATAATTCAGCCTACACCATGGGCACTCTTTATGTTTCCTATTCTGAAGGTAATAGGATAACAGGT
AncBulDCoV7_alt,342,GCGGAATTAGAAGTTGTACAACTAAACATTACAGCAACTTTTAGCTTTGGTGAGGCCAGAGCTACGTCTATTACTATCAATGGGAATGATACATACTGCGTTACCAAGCCATATTTTCATATACAGGCCAATTTCACATGTACAGGCTGTACTTTAAATTTGAGGACCGATACTTGCTCCTTTGACCTGAACGCAGTGAACAACGGAATGTCTTTCAGTCAATTCTGTCTTTCGACCAAATCAGGTTCATGTTCCATTAAAATCATAGCTACTTATGTCTGGAATTACCAGATTGGTCAAAAGTTGTATGTCACTGCTGTTGAAGGACAAACATTTACGGGT
AvianCoV_MW01_1o,375,TCAAATCATTCTTACGTGACTATTAGAACGGTTTATTGGGTTGGTTCGTGCCTTAATTGTGCTCCTTCAGGTTACACCTTACACATCGATGATGCGGTGAATAATACATACTGTATAAATAGTAAACAATTCACTGTCCTGCTAAACACGACACAGCATGCAACCTATCCAGAATATTTCAAAACTAGGTTTCAGGCTGGGACATGCCCATTTACTTTTCCCAATATAAACAACTACTTGACATTCGGAACGATATGTATTTCCACTGTAGACAACGGCGGTTGTACTATTTATGTTCAAAAGGTCTGGGCCAATACAGTAATTACCTTTGGAACCTACTATGTTAGCTATCAAGAGGGTAATAACATCCATTCT
PDCoV_KNU16_11,342,CCTGAACTTGAAGTAGTCCAATTGAATATAAGCGCCCACATGGATTTTGGAGAAGCGAGGTTGGACTCTGTTACAATTAATGGTAATACCTCCTATTGTGTTACCAAGCCATATTTCAGATTAGAGACTAACTTCATGTGTACGGGCTGCACAATGAATTTACGTACAGATACTTGTTCGTTTGATTTATCAGCTGTTAACAACGGTATGTCCTTTAGTCAATTTTGTGTGTCTACCGAATCAGGAGCATGCGAGATGAAAATCATTGTAACTTACGTTTGGAATTATCTGTTGAGACAGAGACTATACGTGACGGCTGTCGAAGGTCAAACACATACTGGG
PDCoV_AH2018_515,342,CCAGAATTAGAAGTTGTACATTTGAATATTTCAGCTCACATGGATTTTGGTGAGGCGCGTCTAGATTCCGTAACTATCAACGGCAATACAAGCTATTGCGTTACCAAGCCTTATTTCAGATTGGAAACAAATTTCATGTGTACGGGATGCACTATTAACCTTAGAACCGATACATGTTCCTTTGACCTATCAGCAGTTAATAACGGTATGTCGTTTAGTCAATTTTGTCTGTCTACTGAATCTGGTGCTTGTGAGATGAAAATAATAGTGACATACGTGTGGAATTACTTGTTAAGGCAGAGATTATATGTCACCGCCGTCGAAGGGCAAACGCATACTGGA
MuniaCoV_HKU13_3514,342,CAGGAAGTCGAGGTCATCCAAGTTAATATTACTGCTACATTCAATTTTGGTGAACCTAAAGTGACCGCAATAACTATCAACGGTAATGACTCGTACTGCGTAACAAAGCCATATTTCACAATACAATCAAACTTTGTATGTACCGGATGTACGCTACAAGTTAGATCTTCAACCTGCAATTTCGATTTGTTCGCGATTAACAACGGTATGAGCTTTAGTCAGTTTTGTATTTCCGCAACTGCCGGGTCTTGTTCTTCCAAAATTGTTGCTACTTATGTGTGGAATTACGATACTGGACGTAATTTATATTTCACGTTTACAGAAGGCCAAATGTTTACAGGT
AncBulDCoV8,342,CAAGAAGTCGAGGTAGTTCAAATAAATATTACAGCCACATTCAATTTTGGCGAACCTAGAGTGACAAGTATCACTATTAACGGAAACGATACTTACTGCGTGACCAAACCATATTTCCACATACAGACAAATTTTGTCTGTAGCGGTTGCACCCTAAACTTGAGGTCAGACACGTGTAGTTTTGATTTAAATGCTATTAATAACGGGATGTCTTTCTCACAATTTTGTATCTCTACTAAATCGGGTTCTTGTTCCTCCAAGATAGTAGCAACGTACGTTTGGAATTATCAAATTGGACAGAAGCTTTATTTTACTGCTGTTGAAGGTCAAACCCATACTGGT
AncBulDCoV1_alt,384,GTGAATTATTCAACGATCCAGATAACAGCCTCTGCTCATAACAACTTTGGATGCTACAATGGTGCGCCTTTGTCATCATTGAACATTACGATTAATGGCTCTTCGAATGATACATTGTGCGTAGATACCACTTATTTTAATATCGAGTTAAATTTTGCATGTTCTGGTGGATCCTTCAGGCTACCATGTTCTGTTAGAATTCGTTCGGGTACTTGTCCCTTCGACTTAAACGGTATTAACAACTACTTATCCTTTGATCACATCTGCTTCAGTACAATTAATAACGGTGGGTGTACCATACAAATACTAGCTTACTGGGGCAATAATAGTTATGTCCTTAGCACCCTGTACGTTACTTATAGCGAAGGAACAAGAATTACTGGT
AncBulDCoV8_alt,342,CAAGAAGTTGAAGTGATTCAGATCAATATTACCGCCCACTACAACTTTGGTGAGCCTAAAGTCACCTCTATTACAATAAACGGCAATGATTCATATTGTGTTACCAAACCATATTTCCATATTCAGGCTAATTTCGTATGTACAGGTTGTACTTTGAACTTAAGGACGGATACTTGTTCTTTTGACATAAATGCGATTAATAATGGGATGAGCTTTAGTCAATTCTGCATCTCCACTAAGTCCGGATCATGCTCGAACAAGATAATTGCAACGTACGTTTGGAATTACCAAATCGGTAGAAACCTATATTTTACAGCTGTCGAAGGACAAATGTTTACTGGT
AvianCoV_rub035cor1,384,TCTAATCATTCTGATGTTACTATCAGAACATCGTATCACGTCGGTAACTGTTACAACTGCGCACCAATTTCACATTCAATTACTATAGACGATGCGGTGAACTACACCTTGTGTGTAACTTCCAGGCAGTTCACCGTTAAATTAAATACAACGCAGACTGTTGAAAATCTGCCCAACCCTACAACCTTCACCACTAGATTTAGTGCCGGAACATGCCCGTTTAGTTTGCCAAATATAAATAACTACCTTAAATTCGGGTCCATCTGTTTTAGCACGATTAATAACGGTGGTTGTACAATTTTAGTCCAAAAGGTGTGGAATAATCAAGCTGTAACGTTTGGAACTCTATATGTTTCTTATCAAGAGGGCGATCGTATATATGCT
PDCoV_Minnesota455_2014,342,CCAGAATTAGAAGTAGTCCAACTGAATATCTCAGCTCACATGGATTTTGGTGAGGCAAGATTAGACTCTGTGACTATTAATGGGAATACGTCTTATTGTGTTACCAAGCCTTATTTCAGATTAGAAACTAACTTTATGTGTACAGGTTGTACTATGAATTTGAGAACCGATACATGTTCGTTTGATCTATCCGCCGTTAACAACGGCATGTCCTTTAGTCAATTCTGCCTAAGCACCGAGTCAGGAGTGTGCGAAATGAAAATTATAGTTACTTACGTCTGGAATTATTTGCTTAGGCAGCGTTTGTACGTAACAGCTGTTGAAGGACAAACGCATACAGGT
PDCoV_CHN_GD16_05,342,CCAGAGTTAGAAGTTGTACATCTTAATATTAGCGCGCACATGGATTTTGGTGAAGCTAGACTAGACTCTGTGACTATAAACGGCAATACATCCTACTGTGTGACAAAACCTTACTTCAGGCTAGAAACCAATTTTATGTGTACGGGTTGCACCATGAACTTAAGAACTGATACCTGCTCCTTCGATCTGTCAGCCGTCAACAATGGAATGTCGTTTAGTCAATTTTGTTTGTCTACTGAATCAGGAGCATGTGAGATGAAGATTATCGTAACGTATGTTTGGAATTATTTGTTGCGTCAGAGATTATATGTCACTGCTGTTGAAGGTCAAACACATACAGGG
SparrowCoV_ISU690_4,339,CAAGAAGTAGAGATAGTGAAAATTACTATAACGGCTGATTTCAATTACGGCGAACCTAGAATTACTTCTTTCACAATCAATGGAAACGATACGTACTGTGTTACCAAACCATATTTTCACATTCAGGTCTCTTTAGGTTGTTCAGGATGCCAACTTAGTTTTGGCGCGGACACATGTTCCTTTGATATCAATAGCCTAAACAATGGTATGTCCTTCACACAGCTGTGTATATCAAAGAACAGTGGGACTTGCTCTAATTTGATCTATGCCACCTCGGCTTGGAGGTATAGAATTGGTAAGATTTACTTTACCTCAGTTGAAGGTCAAGCACATACTGGT
AncBulDCoV9,339,CAAGAGGTCGAAATTGTCAAAATAACTATCACTGCAGATTTTAATTATGGCGAACCTAGGATAACATCCTTCACCATTAATGGTAACGATACATACTGTGTGACAAAGCCATACTTTCACATTCAGGTTTCTCTTGGATGTTCAGGCTGTCAATTATCTTTCGGTTCCGATACCTGCAGTTTTGACATTAACAGTCTAAATAACGGTATGTCTTTCACTCAGTTGTGCATATCAACCAAGTCAGGGACGTGTTCGAATCTGATCTATGCTACTAGCGTATGGAGATACAGAATTGGTAAAATCTATTTTACAGCTGTTGAAGGACAAGCCCATACGGGT
AncBulDCoV2_alt,381,GCAAATTATTCTACCATACAACTGACAGCTAGTGCACATAATAATTTCGGCTGTTATGATGGCGCTCCATCCTCAAGTAACATAACAATTAATGGAACTAGCAACGATACACTTTGCGTAACGACGCCCTATTTTACTATTAAACTAAACTTCGCCTGCTCCGGTGGTTCTTTTAGATTACCTTGTTCAGTCCGTATCAGGTCAGGGACCTGTCCATTCGACTTGAACGGAATCAACAATTACATGTCCTTTGATCAGATTTGTTTTAGTACTATCAGCGGAGGTGGGTGCACTATTCAATTAATTGCGTACTGGGGTCAAAATTCGTATGTGTTGTCGACTTTGTACGTTTCTTACTCTGAAGGTACAAGAATAACCGGT
AncBulDCoV9_alt,339,CAAGAGGTGGAAATTGTTAAGATCACTATTACCGCTGAATATAATTATGGCGAACCTAGGATAACTTCCTTTACTATTAACGGGAACGATACTTACTGTGTTACAAAGCCATACTTTCATATACAGGTTTCTTTAGGTTGCTCAGGTTGTCAACTTAATTTTGGTGCAGATACGTGTTCGTTCGACATTAACAGCCTAAATAATGGAATGAGTTTTAGTCAGTTGTGTATATCCACGAATTCAGGTACATGCTCTAATAAAATTTACGCCACCTCAGTATGGAACTACAGAATCGGTAAAATCTATTTCACATCTGTCGAGGGCCAAGCTTATACCGGA
AvianCoV_lrf178cor1,384,TCCAATCATAGCTATGTTACTATTCGTACATCATACCATGTAGGTACTTGTTATAATTGTCCGCCAGTGTCTTATTCCATAGACATTGATGAAGCAATCAACGATACGTTGTGTGTTAATTCTAGGCAATTTACCGTTGTGCTAAACACTACTCAGACAGTCACAAATTTACACAATCCCACAAGATTTAGTACCAGATTCGTTGCTGGAACCTGCCCATTCACTTTGCCTAATATTAATAACCATTTATCGTTTGGCTCTATCTGCTTTAGTACAACAAACACCGGTGGGTGTACGATACTTGTACAAAAGGTCTGGAACAATTACATTAACACTTTCGCCACGCTGTACATTTCATATCAAGAGGGTGAACACATATACGCT
PDCoV_Tianjin_2016,342,CCAGAGTTAGAAGTCGTACAATTAAACATTAGCGCACACATGGATTTCGGCGAAGCTCGTCTTGATTCCGTCACCATAAACGGTAATACGTCATATTGTGCAACTAAACCTTACTTTAGATTAGAAACGAATTTTATGTGCACAGGTTGTACAATGAATTTGAGAACAGACACTTGTTCTTTCGATTTGTCGGCCGTTAATAATGGAATGTCCTTTAGTCAATTTTGTCTATCTACTGAGTCAGGGGCGTGCGAAATGAAGATCATTGTAACCTATGTTTGGAACTACTTGCTAAGACAAAGGCTGTATGTGACCGCTGTTGAAGGACAGACTCATACAGGT
PDCoV_JS2019_A1414,342,CCTGAGTTGGAAATAGTGCAACTAAATATTTCTGCTCACATGGCGTTTGGGGAAGCACGTTTAGACTCTGTAACCATAAATGGAAACACATCGTATTGTGTTACAAAACCATACTTTAGACTGGAAACAAATTTTATGTGTACCGGATGCACGATGAATTTGAGAACTGATACTTGTTCATTTGATCTATCAGCCGTTAACAACGGTATGTCCTTCAGTCAATTCTGTTTGAGCACTGAATCCGGCGCATGCGAGATGAAGATTATCGTTACCTATGTCTGGAATTACTTACTTAGACAGAGGTTATATGTAACTGCTGTCGAAGGTCAAACGCATACAGGT
QuailCoV_UAE_HKU30_411F,360,CAAGAAGTAGAAATAATCAATATCGTTCTAACCGCCAAGTATACCTATGGTGATTTTAAGGCTCCTGCAATTACGAGCTTTACCATAAACGGTAATGATACTTACTGCGTTAGGAAACCATATTTTCACATTAACTTAACATTGGACTGTCGTGATCATTGTCAACTTCATTTTGGATCTGATGGTGGCTGTCCCTTCGATATTAGATCCTTGAATGACGGGATGAGTTTCAATCAACTGTGCATATCAACTAAATCAGGCACTTGTTCCAAATCGATTCAGGCGAGAGCATCTGAGATCTGGACATTTCCAGTGACGAACATTTACTTCACTGCTGTCGAAGGACAGTTATACACAGGT
AncHerdeco1,384,AGTAATCATTCTTACGTGACTATTAGGACATCATACCATGTCGGTTCATGTTATAATTGTCCGCCTATATCATATTCTATTGATATAGACGACGCTGTCAATGATACCCTTTGTGTTAATTCTAGACAATTCACAGTTAAATTGAATACTACCCAGACTGTAACAAACTTGCACAACCCAACCAGATTTAGTACGCGTTTCGTCGCAGGTACTTGCCCCTTTACTCTACCAAATATCAACAATTACCTGTCCTTTGGATCGATTTGCTTTAGCACGGTAAATAACGGTGGATGTACTATTTTAGTTCAAAAGGTTTGGAACAACCAGGTGAATACATTCGGCACATTATACGTTTCCTATCAAGAAGGGGATCATATCTATGCC
AncBulDCoV3_alt,348,GCGGAATCCTCTACGGTTCAACTTAATATCTCTGCCCACTATAATTATGGTTCTGCTAGAGCTACCAAACTAAGTTACAACGGAAATAACTCGCATTGTGTACAGACTCCTTACTTTAAGATAGAGCAAAACTTTGTGTGTAGTGGCGGGTGCTCGTTGTCAATTAGGACAGACACATGCCCCTTTGATCTGAATGCAATAAACAATGGTATGTCTTTCCAACAATTTTGTGTATCAACAGTGAGCGGCTCATGTTCCATGCAAGTCATTGTTACTTGGGGTCAGCCATGGGGATATATTACCAGCACGTTATACGTTACCTATGTCGAAGGTCAAACTTTCACTGGT
AncHerdeco1_alt,384,TCTAATCATTCCTATGTAACAATTCGTACTTCTTACCACGTCGGAACGTGTTATAATTGTCCTCCTATATCGCATTCTATAGATATCGATGACGCTATTAATGATACATTGTGTGTAAACTCAAGGCAATTCACCGTCAAATTAAACACTACACAAACTGTTACAAACCTTCCGAATCCAACTACTTTCAGTACGAGATTTGTTGCAGGGACTTGTCCATTTACATTACCCAATATAAATAATTACCTGACCTTTGGTTCAATTTGCTTCAGCACCATCAACAACGGTGGATGCACGATCCTAGTTCAAAAGGTGTGGAACAATTATATTCACACCTTTGGTACATTGTACGTGTCCTACCAGGAAGGCGACCATATTTATGCC
PDCoV_Illinois121_2014,342,CCAGAGCTGGAAGTCGTTCAATTAAACATTTCGGCTCACATGGATTTTGGTGAAGCGCGTCTAGACTCTGTTACAATAAATGGTAACACATCCTACTGCGTTACTAAACCTTATTTTAGATTGGAAACAAACTTCATGTGTACCGGGTGTACAATGAATTTGAGGACTGATACGTGTTCATTTGATCTTAGCGCTGTAAATAATGGTATGTCTTTCAGTCAATTTTGCTTGTCAACCGAATCCGGAGCCTGTGAAATGAAGATTATCGTAACCTACGTCTGGAATTATCTATTAAGACAGAGATTATATGTGACTGCAGTGGAGGGACAAACTCATACGGGC
PDCoV_CH_JXJGS01_2016,342,CCAGAGTTAGAAGTTGTTCAGTTAAACATTTCCGCGCACATGGATTTTGGCGAAGCACGTCTTGACTCCGTAACAATTAATGGAAACACGTCATACTGCGTCACCAAGCCTTATTTTAGGTTGGAAACCAACTTCATGTGCACGGGTTGTACTATGAATTTAAGAACTGATACATGTTCTTTCGATCTATCGGCAGTAAATAATGGGATGAGCTTTAGTCAATTTTGTCTATCTACAGAGTCAGGTGCTTGTGAAATGAAAATCATAGTGACCTATGTTTGGAATTATTTGCTGAGACAAAGATTGTACGTCACAGCCGCTGAAGGACAAACTCATACTGGT
PDCoV_Thailand_S5011_2015,342,CCTGAACTGGAAGTAGTTCAATTAAATATATCCGCGCACATGGATTTTGGTGAAGCTAGATTAGATTCCGTGACGATTAATGGAAACACTTCATATTGTGTAACCAAGCCATACTTTCGTTTGGAGACAAACTTCCTTTGCCGTGGGTGTACAATGAATTTGAGAACTGATACCTGTTCTTTCGACTTATCGGCTGTGAATAATGGTATGAGCTTTAGTCAATTTTGCCTATCTACAGAATCAGGAGCATGTGAGATGAAAATTATCGTTACGTATGTTTGGAACTACTTGCTTAGGCAGAGACTATATGTCACTGCCGTCGAAGGTCAAACCCATACTGGC
QuailCoV_UAE_HKU30_1101F,360,CAAGAAGTCGAAATTATAAACATCGTTTTGACTGCAGAGTACACGTATGGGGATTTTAAGGCTCCAGCGATTACTTCCTTTACTATCAACGGTAATGATACCTATTGCGTAAGAAAACCTTACTTCCATATCAACCTTACACTAGACTGTCGTGATCACTGTCAGTTACATTTTGGTTCTGATGGAGGTTGCCCCTTTGATATTAGGTCGTTGAATGACGGCATGAGCTTCAATCAATTATGTATATCAACTAAGAGTGGTACGTGTTCAAAATCCATACAAGCTAGAGCATCTGAAATTTGGACATTCCCAGTTACCAATATTTACTTTACCGCCGTCGAAGGACAGCTGTATACAGGC
AncHerdeco2,375,TCTAATCATAGCTACGTGACGATAAGGACATCCTACACCGTTGGGTCATGTGTTAATTGCCCGCCTATTTCCTACACAATTGACATTGATGATGCCGTTAACGATACTCTTTGTGTCAATTCTAGACAATTTACTGTGAAATTAAATACCACGCAGCACGCTACCTATCCCCAATATTTTAGTACAAGATTCGTCGCAGGCACTTGCCCATTTACTTTGCCAAATATCAACAACTATCTGACCTTTGGATCTATATGTTTCTCGACAGTTAATAACGGAGGTTGTACTATCCATGTCCAGAAGGTTTGGAATAATCAAGTACACACATTCGGTACTCTATACGTATCATATCAAGAAGGTAACCATATTCATGCT
AncBulDCoV4_alt,342,CCAGAGTTGGAAGTAGTCCAATTAAATATTTCAGCAACCTTTAGCTTTGGTGAAGCTAGGGCTACATCAATAACAATTAATGGTAACGATTCTTATTGCGTGACTAAGCCTTACTTCAAAATACAAGCAAATTTCACTTGTACTGGTTGTACGCTAAACTTGCGTACAGATACATGTTCTTTCGACCTGAACGCGATCAACAATGGAATGTCCTTTAGTCAATTTTGCTTATCCACCGAATCGGGCGCTTGTTCTATTAAAATCGTTGCCACCTATGTTTGGAATTATTTGATTAGACAGAGACTTTACGTCACTGCCGTTGAAGGGCAGACTTTTACGGGA
AncHerdeco2_alt,375,TCAAACCACTCTTACGTGACTATACGTACCTCTTACACAGTTGGTAGCTGTGTTAATTGCCCACCTATTTCTCATTCAATTGATATCGATGACGCCATAAATGATACGTTGTGTGTAAATTCCAGACAGTTTACTGTAAGACTTAACACTACCCAGCATGCAACTTATCCGCAATATTTTAGTACCAGGTTTGTCGCTGGAACATGTCCCTTCACTTTACCAAACATAAACAACTACCTGACGTTCGGTTCCATTTGCTTTAGTACAGTTAATAATGGCGGATGTACAATCCATGTCCAAAAGGTGTGGAATAATTATGTCCACACATTCGGTACTCTATATGTTTCGTATCAAGAAGGGAATCATATTTACGCT
HKU20-9243_WigeonCoV,402,ATTAATATTACAACCTTAAACTTTGCGATAAGCTATCTAAATACTAAAGCAAATCCTAGCTTAGGCGCCCCACAAGAAGTGAACTTAACTATAAATGGCTTCGCCGACCAATTCTGTGTCACAACATCACAATTCATGGTGACCTTAAATGTTACTTGTCTTGTACACAATAACACCTCTATAATTCCGTGTCCTCAAGCTTATACTGCCGAAATATCACCGGGTGATTGTCCATTTAACTTCTTAGACGTCAATAATTACTTGATGTTTGATTCTATTTGTTTTAGTCCAAGTCCCTCCGGCGACAGCTGTCAAATGGTAATAAATAAAGTTTGGGCTAACAACAGGATACCCATGTCATCTGTTTATGTTTCTTACGTCTACGGTAATCAAATAGTCGGG
brb027cor1_AvianCoV,384,AGTAACCATTCCGATGTTACTATTAGAACTAGTTACTATGTCGGCAACTGTTATAACTGTGCGCCAACCTCACATAGCATTACCATAGATGACGCCGTAAACGACACCTTATGTGTGACATCAAGACAATTCACCGTTAAATTAAACACTACACAGACTGTAGAGAAACTGCCAAATCCTACGACATTCACCACAAGGTTTTCTGCCGGAACCTGTCCATTCTCTCTACCCAACATTAATAACTATTTAAAATTTGGCTCTATCTGTTTCTCCACAATTAATAACGGCGGATGTACTATCTTAGTTCAAAAGGTGTGGAATAATCAGGCTGTCACTTTTGGTACTCTATATGTCAGCTATCAAGAAGGTGATAGAATTTACGCG
HKU27-988F_FalconCoV,375,GCTAACCATTCATACTTAGTATTGAACACGAGTTATACCGTCGGCTTGTGTGTAAACTGTCCGCCGATTCAACATAGTATCTACATAGAGGGTGCTGTAAATGACACTTACTGCGTGAATTCAAAACAATTTACTTTGAAGATTAATAGCCACGTTGAGGCAACATATAGTCAATATTTTAAAACAGTATTTACAGCTGGTACTTGCCCGTTTACATTTCCTAATGTAAATAATTTCTTGTCATTTGAAAGCTTTTGCATCTCAACAGTTAATAACGGCGGCTGTACTATTCATGTACAGAAAGTATGGAACTCAGTAGTGCACACGTTCGCAACCTTATATGTCTCATATCAAGAAGGTAACTCTATTCATGCC
HKU17-6124_SparrowCoV,378,GCTAATCATACTACAGTAGTCGTCAGAACACAATACACTGTATCATCAACCGGGATTAACGGTCCACCATCTTGGTCTACAGTTGAACTTGATGGGGCTATCAATGATACTTTATGTGTTAACTCTAGACAATTTACGGTACATTTGAATACCACAGTTCATTATACAGCGGCACACTTGTTTGGCACAGAATTTGTAGCTGGCACTTGCCCTTTTACTCTGCCAAATATAAACAATTACTTAACTTTCGGCTCCATTTGTTTCAGTACCGTTAACAATGGTGGATGCACAATTCACGTTCAGAAAGTTTTAAGACATTATAGGTACACATTTGGGACTATATACGTGAGCTACCAACCGGGAAATCAAATTACTGCC
HKU19-6918_HeronCoV,369,CAAAACCATAGTTACTACAGCATAAATTTAACAATTGGCGGTTGTGGCCATGGCGAATACCCACATCTGTCAAATAAAACTGGCTGTTATAGGACGGATGCTAGTAACATTAACGCAAAGCAGATCACATTTGTTATCAATACCTACACTCATGATAACTGGATCCAATGGGCCCATAAACCAGGTAATTGTCCATGGGCGCTTAATAAAATCAATAATTATAATACCGCCGGTACGTTACAGGTTGTACCAGAAAACCAAGCTACATGTTGTACTGATAACCAGGCGTCATGGCTTTATCTAGCCTCCTGGACCTCTGTTAATGTAAAGGTTTGCTTTAACTATCAACCAGGGACTACCATCTCTATT
AncDCoV,402,TCTAACCATAGTGACGTTAATATCACAGTTTCATATCACAATTCTTTCGGAAATTGTTACAATTGTGCTCCACAGTCAGTCAATATAACCATCAATGATGCATTTAATGACACTTTATGTGTGACTACGAGTCATTTTACCGTCAAGCTGAATTTTACTTGTACTGTTGAAAATAGCACTTCAATATTACCTAATCCCACCACTTGGACGGTTTCTTTGTCTACAGGAACTTGTCCCTTCAGCTTTTCCAATATTAATAATTATTTAAAATTCGGTTCTATCTGTTTTAGCACGATTAATAATGGAGGATGTACTATGCTTATTCAGGCGGTCTGGGCAAATAATAGTTATACATTGGGCACATTGTACGTCAGCTATAGTGAGGGTGATAGAATCACTGGA
AncBulDCoV1,372,GCAAACCATAGCACTGTGAAATTAACTGTTTCTGCACATAATTCTTTCTTTGATGGAAGCCCTTTGTCTTCTAAAATCACAATAAATGGAACTTTCAACGACACGTTATGTGTAACCACTAGTTACTTCAAATTGAAATTAAACTTTACCTGTAGTGGTGGAAGCTTTAGACCCTGTACTTTGTCATTGCGTACTGCTACATGTCCGTTCGATCTACAAGCCGTGAACAATTACCTTTCTTTTGATCAGATCTGCTTTTCCACTGTAAACAATGGTGGATGTTCAATGCAGCTATTGGCGTATTGGGGTAGTAATAGCTACGTTTTAGCTACTCTATACGTTTCTTATTCTGAAGGCACTAGAATAACCGGG
AncBulDCoV2,372,GCAGAACACTCTACTGTTAAGATCACAGTAAGTGCACATAATAGTTTCTTCGATGGTTCACCTTCATCAAGTAAGATCACCATAAACGGCTCTAGTAATGATACACTATGCGTCACCACAAGCTATTTTAAGCTTGAACTTAACTTCACGTGTAGCGGTGGCTCATTCAGACCGTGCACTTTATCTTTGAGGACGGCCACTTGTCCCTTTGATCTAAACGCTGTGAACAATTATCTGTCTTTCTCCCAAATTTGTTTCTCTACAGTGAATAATGGAGGTTGTTCCATGCAGATATTGGCCTACTGGGGCCAGAATAGTTACGTTTTGGCTACATTGTATGTAACGTATTCTGAAGGCACTCGTTTTACAGGC
AncBulDCoV3,351,GCTGAGTCATCCACAGTACAGATTAACGTCTCTGCCACATACTCTTTTGGTTCCGCATCAGGATCCAAGATCACCATAAACGGTTCCAGCAATGATACTTATTGCGTGACTACACCTTATTTTAAATTGGAACAGAATTTCGTGTGCAGTGGTGGTTGCACGGTTAGATTGCGTACAGCTACTTGTCCCTTCGACTTAAATGCTGTTAATAACGGTATGAGCTTTAGTCAATTCTGTATCAGTACTGTCTCCGGGTCCTGTTCTATGCAGATCATAGCGAATTACGGTCAAAATTCTTATGTCACTTCCACTTTATATGTAACTTATGTGGAAGGTCAAAGCTTCACGGGG
AncBulDCoV4,342,GCAGAACTAGAGGTCGTACAAATTAATATTTCTGCACATTACAACTTTGGCGAAGCCAGGGTTACTTCTATAACCATTAATGGTAATGATACCTACTGTGTCACTAAGCCTTACTTCAAGCTTGAAACTAATTTTGTTTGTAGCGGCTGTACCCTTAACCTAAGGACTGACACATGCAGCTTCGATTTGAACGCAGTTAACAACGGTATGTCCTTCTCCCAATTCTGTATTTCAACCAAATCCGGCAGTTGTAGTATGAAAATTATTGCAACGTACGTGTGGAACTACCAAATTGCTCAAAAGCTGTATGTTACAGCTGTTGAAGGGCAGACCCACACGGGT
AncBulDCoV5,342,CCGGAATTGGAAGTGGTACAAATTAATATATCAGCACACATGGATTTTGGAGAAGCAAGATTGGATAGTATCACCATAAATGGTAATACAACCTATTGTGTAACTAAGCCCTACTTCAAACTGGAAACTAACTTCATGTGCTCCGGTTGTACTATGAACTTGCGTACTGATACTTGCTCCTTTGACCTATCCGCAGTAAACAACGGTATGAGCTTTTCACAGTTTTGTATCTCAACTGAGAGTGGCGCTTGCGAAATGAAAATTATCGCAACATACGTATGGAACTACTTGTTGAGACAGAGGCTGTATGTAACAGCGGTCGAAGGCCAAACGCATACGGGA
AncPDCoV,342,CCGGAACTTGAAGTCGTTCAACTGAATATCTCAGCTCACATGGACTTCGGAGAAGCAAGGTTGGATAGTATAACCATCAATGGTAATACATCTTATTGCGTAACGAAACCTTATTTCAAATTGGAAACCAATTTTATGTGCACTGGTTGTACAATGAATTTACGTACAGATACCTGTTCTTTCGATCTTAGTGCAGTAAATAACGGTATGAGTTTTAGCCAGTTCTGCTTATCAACAGAAAGTGGCGCTTGCGAAATGAAAATCATTGTGACGTATGTGTGGAATTATTTATTACGTCAAAGGTTGTACGTTACTGCAGTTGAAGGACAAACTCATACTGGT
HKU21-9295_MoorhenCoV,390,GTTACATATTCTAGAGTTAAGCTAACAGCTTTTGCTGAGGGAAATATCTTCGATGGGGTTTCATTATCCTCTCTTATTTTATCCGAAAACAAAACTAATTCCAATACCACATTTAACGATACTATTTGCGTCGATACGACATATTTTAACTTCTATTTGAAGTTTGCCTGCGGCGGAGGATCTTTTAGATGTTCATTAAGCTGCAGATCTGCTGGATGTCCATTCGATCTACAGGGCTTGAATAATTACTTATCATTCGATCATATTTGCTTCTCCTTGTTGAACAACGGTGGTTGTCCGATCCAGCTACTGGCTTATTGGGGTTCCTCCTTCTCTAGAGTTCTAGCGACAATTTACGTTTCTTATTCCCCAGGCACAAGGATAACTGGC
HKU16-6847_WhiteEyeCoV,357,GCAGAATCTAGTACACTACAAATAAATGTTTCCGCAACTTACTCATACGGGTCAGCCAGTGGCAGTATTAAATTATCTTATAATGGCTCAAGTAACAACTCACACTGCGTTCAAACACCATATTTTAAGTTGGAACAGAATTTAGTGTGTTCAGGTGGTTGCAGTGTGAGAATAGAAACGTTAACCTGCCCATTTGATCTGAATGCAGTAAGCAATGGCATGTCCTTTCAACAGTTCTGTGTAAGTACCGTGTCTGGTCAATGCTCAATGCAAGCAATCGTTAATACGGGGCAACCATGGGGTTACGTAACTTCCACTCTGTACGTTACATACGTGGAGGGACAAAGCTTCACGGGT
HKU11-934_BulbulCoV,339,GCTGAATTGGAAATGGTAAATCTAACTATCAATGCCAGATATTCAGCAGGTGAGGCTAGTGCCACGATCAACATAAACGGTAACGATACATTCTGCGTCACAAAGCCTTACTTTCATATTAACGCTAAATATACATGTTCAGACTGTGTGCTAAACCTAAGAACAGATACTTGCTCATTTGATATTAACGCAATCAATAATGGAATGTCATTTTCTCAGTTTTGTCTGTCCACGAAATCTGGAAGCTGTTCTATTACACTGGTTGCTACAAAGTATTGGAACTATCAAATTGCTCAGAAGCTGTACGTCACAGCGATAGAAGGGCAAACTTCCACAGGT
ISU73347_SparrowCoV,342,CCTGAATTTGAGGTTGTACAGATAAATATTTCTGCATATATGAAATTTGGACAAACTCAGCTAAACTATATTTACATTAATGGTAATACCACTTATTGTGTTACCAAACCATACTTTAAGCTAGAATTTAATTTTGAATGCTCTGGTTGCACGATTTCCATGAGGACGGATACGTGCAAGTTTGATTTAACAGCCGTTAATAATGGTATGTCCTTTTCTCAATTTTGTATTTCAACCGAATCCGGAGCCTGCGAAATCAAACTGATCGCTACTTATGTATGGAATCATCTAATGAGACAACGTCTGTACGTCACAGCTGTGGAAGGTCAAACCCACACTGGA
